{
  "CVE-2025-1234": {
    "product_name": "Test Product",
    "product_version": "1.0",
    "oem_name": "Test Vendor",
    "severity_level": "Critical",
    "description": "This is a test vulnerability for demonstration purposes",
    "mitigation_strategy": "Update to the latest version",
    "remediation_steps": "\n1. Download the patch from the vendor website\n2. Install the patch using administrator privileges\n3. Restart the system to complete the installation\n4. Verify the patch is applied by checking the version number\n",
    "patch_links": "\nOfficial Patch: https://example.com/patch/123\nAlternative Download: https://mirror.example.com/patch/123\nSecurity Advisory: https://example.com/advisory/CVE-2025-1234\n",
    "published_date": "2025-04-05",
    "unique_id": "CVE-2025-1234",
    "url": "https://example.com/advisory/CVE-2025-1234",
    "last_updated": "2025-04-05 23:43:07"
  }
}